{
    "Add": [
        {
            "category": "INIES",
            "name": "Inies - Bibliothèque",
            "name_of_process": null,
            "unit": "nombre",
            "new": {
                "rc_manufacturing": 79.78670644,
                "rc_installation": 55.8309136912,
                "rc_usage": 0.0,
                "rc_endOfLife": 59.1087200021,
                "erc_manufacturing": 1292.251004,
                "erc_installation": 663.889395574,
                "erc_usage": 0.0,
                "erc_endOfLife": 84.5114666364,
                "ase_manufacturing": 9.7176371172,
                "ase_installation": 0.556411205222,
                "ase_usage": 0.0,
                "ase_endOfLife": 0.041522874683,
                "em_manufacturing": 0.000098267051306,
                "em_installation": 0.0000839399815661,
                "em_usage": 0.0,
                "em_endOfLife": 0.00010594650922462
            },
            "reuse": {
                "rc_manufacturing": 0.0,
                "rc_installation": 27.38190765,
                "rc_usage": 0.0,
                "rc_endOfLife": 60.3201200021,
                "erc_manufacturing": 0.0,
                "erc_installation": 374.1265884,
                "erc_usage": 0.0,
                "erc_endOfLife": 84.9190066364,
                "ase_manufacturing": 0.0,
                "ase_installation": 0.2059849483,
                "ase_usage": 0.0,
                "ase_endOfLife": 0.041603344283,
                "em_manufacturing": 0.0,
                "em_installation": 0.000099953944125,
                "em_usage": 0.0,
                "em_endOfLife": 0.00011244250922462
            }
        }
    ],
    "Modify": [],
    "Delete": []
}