{"products": {"Inies - Sol en linoléum": {"base": "Autre", "unit": "m²", "unit_func": "", "new": {"rc": {"manufacturing": 24.4, "installation": 4.19, "usage": 5.84, "endOfLife": 7.82}, "erf": {"manufacturing": 215.0, "installation": 56.6, "usage": 186.0, "endOfLife": 3.42}, "ase": {"manufacturing": 0.14499412, "installation": 0.8764000000000001, "usage": 0.74494, "endOfLife": 0.041629000000000006}, "em": {"manufacturing": 0.02177181762088376, "installation": 0.002781047768064912, "usage": 0.005712246002480747, "endOfLife": 0.001997654030581838}}, "used": {"rc": {"manufacturing": 24.4, "installation": 12.57, "usage": 11.68, "endOfLife": 15.64}, "erf": {"manufacturing": 215.0, "installation": 169.8, "usage": 372.0, "endOfLife": 6.84}, "ase": {"manufacturing": 0.14499412, "installation": 2.6292, "usage": 1.48988, "endOfLife": 0.08325800000000001}, "em": {"manufacturing": 0.02177181762088376, "installation": 0.008343143304194736, "usage": 0.011424492004961494, "endOfLife": 0.003995308061163676}}}}}