{"products": {"Inies - Chaise de Test": {"base": "Inies", "unit": "pièce", "unit_func": "", "new": {"rc": {"manufacturing": 13.34, "installation": 10.99927632152357, "usage": 0.0, "endOfLife": 26.5654256611913}, "erf": {"manufacturing": 12.45, "installation": 134.03568572841783, "usage": 0.0, "endOfLife": 129.22670283438174}, "ase": {"manufacturing": 1.4886470259198803, "installation": 0.10639271566275357, "usage": 0.0, "endOfLife": 0.02496678337337462}, "em": {"manufacturing": 0.002242326650683487, "installation": 1.790510714655137e-05, "usage": 0.0, "endOfLife": 0.00032570043479283813}}, "used": {"rc": {"manufacturing": 0.0, "installation": 21.99855264304714, "usage": 0.0, "endOfLife": 26.5654256611913}, "erf": {"manufacturing": 0.0, "installation": 268.07137145683566, "usage": 0.0, "endOfLife": 129.22670283438174}, "ase": {"manufacturing": 0.0, "installation": 0.21278543132550715, "usage": 0.0, "endOfLife": 0.02496678337337462}, "em": {"manufacturing": 0.0, "installation": 3.581021429310274e-05, "usage": 0.0, "endOfLife": 0.00032570043479283813}}}}}