{"products": {"Inies - Table en Trop": {"base": "Inies", "unit": "Nombre", "unit_func": "", "new": {"rc": {"manufacturing": 149.0677002917482, "installation": 64.18142189585815, "usage": 0.0, "endOfLife": 66.55998878826554}, "erf": {"manufacturing": 2312.6404183577647, "installation": 806.8531533479307, "usage": 0.0, "endOfLife": 137.97412543600177}, "ase": {"manufacturing": 13.077806615378394, "installation": 0.6164907495582922, "usage": 0.0, "endOfLife": 0.06925069387658801}, "em": {"manufacturing": 0.0001591956015435181, "installation": 0.00012078701587202949, "usage": 0.0, "endOfLife": 0.0001218641931445262}}, "used": {"rc": {"manufacturing": 149.0677002917482, "installation": 100.68529003735816, "usage": 0.0, "endOfLife": 136.39057843393107}, "erf": {"manufacturing": 2312.6404183577647, "installation": 1352.4994467919307, "usage": 0.0, "endOfLife": 278.17988597431355}, "ase": {"manufacturing": 13.077806615378394, "installation": 0.8853671115512922, "usage": 0.0, "endOfLife": 0.13919476067541603}, "em": {"manufacturing": 0.0001591956015435181, "installation": 0.0002849262975117795, "usage": 0.0, "endOfLife": 0.0002573042199903054}}}}}